<?xml version="1.0" encoding="UTF-8" ?>
<document>
<!--The data in this file is primarily intended for consumption by Xilinx tools.
The structure and the elements are likely to change over the next few releases.
This means code written to parse this file will need to be revisited each subsequent release.-->
<application name="pa" timeStamp="Mon Aug 09 18:26:50 2021">
<section name="Project Information" visible="false">
<property name="ProjectID" value="a4e6f31b4d62443781e7bb997c2e3160" type="ProjectID"/>
<property name="ProjectIteration" value="1" type="ProjectIteration"/>
</section>
<section name="PlanAhead Usage" visible="true">
<item name="Project Data">
<property name="SrcSetCount" value="1" type="SrcSetCount"/>
<property name="ConstraintSetCount" value="1" type="ConstraintSetCount"/>
<property name="DesignMode" value="RTL" type="DesignMode"/>
<property name="SynthesisStrategy" value="Vivado Synthesis Defaults" type="SynthesisStrategy"/>
<property name="ImplStrategy" value="Vivado Implementation Defaults" type="ImplStrategy"/>
</item>
<item name="Java Command Handlers">
<property name="AddSources" value="2" type="JavaHandler"/>
<property name="NewProject" value="1" type="JavaHandler"/>
<property name="SimulationRun" value="1" type="JavaHandler"/>
</item>
<item name="Gui Resources Info">
<property name="FINISH, Finish" value="3" type="GuiResourceData"/>
<property name="NEXT, Next " value="9" type="GuiResourceData"/>
<property name="PAResourceCommand.PACommandNames_SIMULATION_RUN_BEHAVIORAL, Run Behavioral Simulation" value="1" type="GuiResourceData"/>
<property name="PAResourceEtoH.FileSetPanel_FILE_SET_PANEL_TREE, [root, Simulation Sources, sim_1, Binary_Counter_part_RTL_TB (Binary_Counter_part_RTL_TB.v" value="2" type="GuiResourceData"/>
<property name="PAResourceEtoH.FileSetPanel_FILE_SET_PANEL_TREE, [root, Simulation Sources, sim_1], 8" value="1" type="GuiResourceData"/>
<property name="PAResourceEtoH.FlowNavigatorTreePanel_FLOW_NAVIGATOR_TREE, [, Project Manager, Add Sources], 2, false" value="2" type="GuiResourceData"/>
<property name="PAResourceEtoH.FlowNavigatorTreePanel_FLOW_NAVIGATOR_TREE, [, Simulation, Run Simulation], 11, false" value="1" type="GuiResourceData"/>
<property name="PAResourceEtoH.GettingStartedView_CREATE_NEW_PROJECT, Create New Project" value="1" type="GuiResourceData"/>
<property name="PAResourceOtoP.PartChooser_BOARDS, Boards" value="1" type="GuiResourceData"/>
<property name="PAResourceOtoP.PartChooser_BOARDS, Zybo Z7-10 ; digilentinc.com ; B.2 ; xc7z010clg400-1 ; 400 ; 1.0 ; 60 ; 80 ; 35200 ; 0 ; 0 ; 100 ; 17600 ; 2 ; 0 ; 85 ; 0 ; 85 ; C ; 1.05 ; 0.95 ; 0.95 ; 0, 0, Zybo Z7-10, 0" value="1" type="GuiResourceData"/>
<property name="PAResourceOtoP.ProjectNameChooser_PROJECT_NAME, FourCounters" value="1" type="GuiResourceData"/>
<property name="PAResourceQtoS.SrcChooserPanel_ADD_HDL_AND_NETLIST_FILES_TO_YOUR_PROJECT, Add Files" value="2" type="GuiResourceData"/>
<property name="RDIResource.GraphicalView_ZOOM_FIT, Waveform Viewer_zoom_fit" value="2" type="GuiResourceData"/>
</item>
<item name="Other">
<property name="GuiMode" value="264" type="GuiMode"/>
<property name="BatchMode" value="0" type="BatchMode"/>
<property name="TclMode" value="249" type="TclMode"/>
</item>
</section>
</application>
</document>
