<?xml version="1.0" encoding="UTF-8"?>
<GenRun Id="synth_1" LaunchPart="xc7z010clg400-1" LaunchTime="1628451686">
  <File Type="RDS-PROPCONSTRS" Name="detect011Expressions_drc_synth.rpt"/>
  <File Type="PA-TCL" Name="detect011Expressions.tcl"/>
  <File Type="RDS-RDS" Name="detect011Expressions.vds"/>
  <File Type="RDS-UTIL" Name="detect011Expressions_utilization_synth.rpt"/>
  <File Type="RDS-UTIL-PB" Name="detect011Expressions_utilization_synth.pb"/>
  <File Type="RDS-DCP" Name="detect011Expressions.dcp"/>
  <File Type="VDS-TIMINGSUMMARY" Name="detect011Expressions_timing_summary_synth.rpt"/>
  <File Type="VDS-TIMING-PB" Name="detect011Expressions_timing_summary_synth.pb"/>
  <FileSet Name="sources" Type="DesignSrcs" RelSrcDir="$PSRCDIR/sources_1">
    <Filter Type="Srcs"/>
    <File Path="$PSRCDIR/sources_1/imports/detect011versions/detect011withExpressions.v">
      <FileInfo>
        <Attr Name="ImportPath" Val="$PPRDIR/detect011withExpressions.v"/>
        <Attr Name="ImportTime" Val="1568240706"/>
        <Attr Name="UsedIn" Val="synthesis"/>
        <Attr Name="UsedIn" Val="implementation"/>
        <Attr Name="UsedIn" Val="simulation"/>
      </FileInfo>
    </File>
    <File Path="$PSRCDIR/sources_1/imports/detect011versions/detect011StateMachine.v">
      <FileInfo>
        <Attr Name="AutoDisabled" Val="1"/>
        <Attr Name="ImportPath" Val="$PPRDIR/detect011StateMachine.v"/>
        <Attr Name="ImportTime" Val="1568240654"/>
        <Attr Name="UsedIn" Val="synthesis"/>
        <Attr Name="UsedIn" Val="implementation"/>
        <Attr Name="UsedIn" Val="simulation"/>
      </FileInfo>
    </File>
    <File Path="$PSRCDIR/sources_1/imports/detect011versions/detect011StateMachineV1.v">
      <FileInfo>
        <Attr Name="AutoDisabled" Val="1"/>
        <Attr Name="ImportPath" Val="$PPRDIR/detect011StateMachineV1.v"/>
        <Attr Name="ImportTime" Val="1568240643"/>
        <Attr Name="UsedIn" Val="synthesis"/>
        <Attr Name="UsedIn" Val="implementation"/>
        <Attr Name="UsedIn" Val="simulation"/>
      </FileInfo>
    </File>
    <Config>
      <Option Name="DesignMode" Val="RTL"/>
      <Option Name="TopModule" Val="detect011Expressions"/>
      <Option Name="TopAutoSet" Val="TRUE"/>
    </Config>
  </FileSet>
  <FileSet Name="constrs_in" Type="Constrs" RelSrcDir="$PSRCDIR/constrs_1">
    <Filter Type="Constrs"/>
    <Config>
      <Option Name="ConstrsType" Val="XDC"/>
    </Config>
  </FileSet>
  <Strategy Version="1" Minor="2">
    <StratHandle Name="Vivado Synthesis Defaults" Flow="Vivado Synthesis 2016"/>
    <Step Id="synth_design"/>
  </Strategy>
</GenRun>
