<?xml version="1.0" encoding="UTF-8"?>
<GenRun Id="ClockGenerator50MHz_synth_1" LaunchPart="xc7z010clg400-1" LaunchTime="1628716359">
  <File Type="RDS-PROPCONSTRS" Name="ClockGenerator50MHz_drc_synth.rpt"/>
  <File Type="PA-TCL" Name="ClockGenerator50MHz.tcl"/>
  <File Type="RDS-RDS" Name="ClockGenerator50MHz.vds"/>
  <File Type="RDS-UTIL" Name="ClockGenerator50MHz_utilization_synth.rpt"/>
  <File Type="RDS-UTIL-PB" Name="ClockGenerator50MHz_utilization_synth.pb"/>
  <File Type="RDS-DCP" Name="ClockGenerator50MHz.dcp"/>
  <File Type="VDS-TIMINGSUMMARY" Name="ClockGenerator50MHz_timing_summary_synth.rpt"/>
  <File Type="VDS-TIMING-PB" Name="ClockGenerator50MHz_timing_summary_synth.pb"/>
  <FileSet Name="sources" Type="BlockSrcs" RelSrcDir="$PSRCDIR/ClockGenerator50MHz">
    <File Path="$PSRCDIR/sources_1/ip/ClockGenerator50MHz/ClockGenerator50MHz.xci">
      <FileInfo>
        <Attr Name="UsedIn" Val="synthesis"/>
        <Attr Name="UsedIn" Val="implementation"/>
        <Attr Name="UsedIn" Val="simulation"/>
      </FileInfo>
    </File>
    <Config>
      <Option Name="TopModule" Val="ClockGenerator50MHz"/>
      <Option Name="UseBlackboxStub" Val="1"/>
    </Config>
  </FileSet>
  <FileSet Name="constrs_in" Type="BlockSrcs" RelSrcDir="$PSRCDIR/ClockGenerator50MHz">
    <File Path="$PSRCDIR/sources_1/ip/ClockGenerator50MHz/ClockGenerator50MHz.xci">
      <FileInfo>
        <Attr Name="UsedIn" Val="synthesis"/>
        <Attr Name="UsedIn" Val="implementation"/>
        <Attr Name="UsedIn" Val="simulation"/>
      </FileInfo>
    </File>
    <Config>
      <Option Name="TopModule" Val="ClockGenerator50MHz"/>
      <Option Name="UseBlackboxStub" Val="1"/>
    </Config>
  </FileSet>
  <Strategy Version="1" Minor="2">
    <StratHandle Name="Vivado Synthesis Defaults" Flow="Vivado Synthesis 2016">
      <Desc>Vivado Synthesis Defaults</Desc>
    </StratHandle>
    <Step Id="synth_design"/>
  </Strategy>
</GenRun>
