<?xml version="1.0" encoding="UTF-8"?>
<GenRun Id="system_axi_gpio_0_1_synth_1" LaunchPart="xc7z010clg400-1" LaunchTime="1607156360">
  <File Type="PA-TCL" Name="system_axi_gpio_0_1.tcl"/>
  <File Type="REPORTS-TCL" Name="system_axi_gpio_0_1_reports.tcl"/>
  <File Type="RDS-RDS" Name="system_axi_gpio_0_1.vds"/>
  <File Type="RDS-DCP" Name="system_axi_gpio_0_1.dcp"/>
  <FileSet Name="sources" Type="BlockSrcs" RelSrcDir="$PSRCDIR/system_axi_gpio_0_1">
    <File Path="$PSRCDIR/sources_1/bd/system/ip/system_axi_gpio_0_1/system_axi_gpio_0_1.xci">
      <FileInfo>
        <Attr Name="Library" Val="xil_defaultlib"/>
        <Attr Name="ImportPath" Val="$PPRDIR/../lab_1/lab_1.srcs/sources_1/bd/system/ip/system_axi_gpio_0_1/system_axi_gpio_0_1.xci"/>
        <Attr Name="ImportTime" Val="0"/>
        <Attr Name="UsedIn" Val="synthesis"/>
        <Attr Name="UsedIn" Val="implementation"/>
        <Attr Name="UsedIn" Val="simulation"/>
        <Attr Name="ProcessingOrder" Val="EARLY"/>
      </FileInfo>
    </File>
    <Config>
      <Option Name="TopModule" Val="system_axi_gpio_0_1"/>
      <Option Name="UseBlackboxStub" Val="1"/>
    </Config>
  </FileSet>
  <FileSet Name="constrs_in" Type="BlockSrcs" RelSrcDir="$PSRCDIR/system_axi_gpio_0_1">
    <File Path="$PSRCDIR/sources_1/bd/system/ip/system_axi_gpio_0_1/system_axi_gpio_0_1.xci">
      <FileInfo>
        <Attr Name="Library" Val="xil_defaultlib"/>
        <Attr Name="ImportPath" Val="$PPRDIR/../lab_1/lab_1.srcs/sources_1/bd/system/ip/system_axi_gpio_0_1/system_axi_gpio_0_1.xci"/>
        <Attr Name="ImportTime" Val="0"/>
        <Attr Name="UsedIn" Val="synthesis"/>
        <Attr Name="UsedIn" Val="implementation"/>
        <Attr Name="UsedIn" Val="simulation"/>
        <Attr Name="ProcessingOrder" Val="EARLY"/>
      </FileInfo>
    </File>
    <Config>
      <Option Name="TopModule" Val="system_axi_gpio_0_1"/>
      <Option Name="UseBlackboxStub" Val="1"/>
    </Config>
  </FileSet>
  <Strategy Version="1" Minor="2">
    <StratHandle Name="Vivado Synthesis Defaults" Flow="Vivado Synthesis 2018"/>
    <Step Id="synth_design"/>
  </Strategy>
</GenRun>
