<?xml version="1.0" encoding="UTF-8"?>
<GenRun Id="SystemClk60MHz_synth_1" LaunchPart="xc7z010clg400-1" LaunchTime="1628728634">
  <File Type="RDS-PROPCONSTRS" Name="SystemClk60MHz_drc_synth.rpt"/>
  <File Type="PA-TCL" Name="SystemClk60MHz.tcl"/>
  <File Type="RDS-RDS" Name="SystemClk60MHz.vds"/>
  <File Type="RDS-UTIL" Name="SystemClk60MHz_utilization_synth.rpt"/>
  <File Type="RDS-UTIL-PB" Name="SystemClk60MHz_utilization_synth.pb"/>
  <File Type="RDS-DCP" Name="SystemClk60MHz.dcp"/>
  <File Type="VDS-TIMINGSUMMARY" Name="SystemClk60MHz_timing_summary_synth.rpt"/>
  <File Type="VDS-TIMING-PB" Name="SystemClk60MHz_timing_summary_synth.pb"/>
  <FileSet Name="sources" Type="BlockSrcs" RelSrcDir="$PSRCDIR/SystemClk60MHz">
    <File Path="$PSRCDIR/sources_1/ip/SystemClk60MHz/SystemClk60MHz.xci">
      <FileInfo>
        <Attr Name="UsedIn" Val="synthesis"/>
        <Attr Name="UsedIn" Val="implementation"/>
        <Attr Name="UsedIn" Val="simulation"/>
      </FileInfo>
    </File>
    <Config>
      <Option Name="TopModule" Val="SystemClk60MHz"/>
      <Option Name="UseBlackboxStub" Val="1"/>
    </Config>
  </FileSet>
  <FileSet Name="constrs_in" Type="BlockSrcs" RelSrcDir="$PSRCDIR/SystemClk60MHz">
    <File Path="$PSRCDIR/sources_1/ip/SystemClk60MHz/SystemClk60MHz.xci">
      <FileInfo>
        <Attr Name="UsedIn" Val="synthesis"/>
        <Attr Name="UsedIn" Val="implementation"/>
        <Attr Name="UsedIn" Val="simulation"/>
      </FileInfo>
    </File>
    <Config>
      <Option Name="TopModule" Val="SystemClk60MHz"/>
      <Option Name="UseBlackboxStub" Val="1"/>
    </Config>
  </FileSet>
  <Strategy Version="1" Minor="2">
    <StratHandle Name="Vivado Synthesis Defaults" Flow="Vivado Synthesis 2016">
      <Desc>Vivado Synthesis Defaults</Desc>
    </StratHandle>
    <Step Id="synth_design"/>
  </Strategy>
</GenRun>
