<?xml version="1.0" encoding="UTF-8" ?>
<document>
<!--The data in this file is primarily intended for consumption by Xilinx tools.
The structure and the elements are likely to change over the next few releases.
This means code written to parse this file will need to be revisited each subsequent release.-->
<application name="pa" timeStamp="Mon Aug 09 18:14:44 2021">
<section name="Project Information" visible="false">
<property name="ProjectID" value="704e592493f0495b9c9f6cd8dd0d3af0" type="ProjectID"/>
<property name="ProjectIteration" value="3" type="ProjectIteration"/>
</section>
<section name="PlanAhead Usage" visible="true">
<item name="Project Data">
<property name="SrcSetCount" value="1" type="SrcSetCount"/>
<property name="ConstraintSetCount" value="1" type="ConstraintSetCount"/>
<property name="DesignMode" value="RTL" type="DesignMode"/>
<property name="SynthesisStrategy" value="Vivado Synthesis Defaults" type="SynthesisStrategy"/>
<property name="ImplStrategy" value="Vivado Implementation Defaults" type="ImplStrategy"/>
</item>
<item name="Java Command Handlers">
<property name="AddSources" value="3" type="JavaHandler"/>
<property name="AutoConnectTarget" value="1" type="JavaHandler"/>
<property name="LaunchProgramFpga" value="1" type="JavaHandler"/>
<property name="NewProject" value="1" type="JavaHandler"/>
<property name="OpenHardwareManager" value="1" type="JavaHandler"/>
<property name="OpenProject" value="1" type="JavaHandler"/>
<property name="ProjectSettingsCmdHandler" value="2" type="JavaHandler"/>
<property name="RunBitgen" value="2" type="JavaHandler"/>
<property name="ShowView" value="1" type="JavaHandler"/>
</item>
<item name="Gui Resources Info">
<property name="CANCEL, Cancel" value="1" type="GuiResourceData"/>
<property name="PAResourceCommand.PACommandNames_AUTO_CONNECT_TARGET, Auto Connect" value="1" type="GuiResourceData"/>
<property name="PAResourceEtoH.FlowNavigatorTreePanel_FLOW_NAVIGATOR_TREE, [, Program and Debug, Open Hardware Manager], 26, true" value="1" type="GuiResourceData"/>
<property name="PAResourceEtoH.FlowNavigatorTreePanel_FLOW_NAVIGATOR_TREE, [, Project Manager, Project Settings], 1, false" value="1" type="GuiResourceData"/>
<property name="PAResourceEtoH.GettingStartedView_OPEN_PROJECT, Open Project" value="1" type="GuiResourceData"/>
<property name="PAResourceOtoP.PartChooser_FAMILY_CHOOSER, Artix-7, 1" value="1" type="GuiResourceData"/>
<property name="PAResourceOtoP.PartChooser_PARTS, Parts" value="1" type="GuiResourceData"/>
<property name="PAResourceOtoP.PartChooser_PARTS, xc7a100tcsg324-1 ; 324 ; 135 ; 240 ; 126800 ; 0 ; 0 ; 210 ; 63400 ; 6 ; 1 ; 85 ; 0 ; 85 ; C ; 1.05 ; 0.95 ; 0.95 ; 0, 168, xc7a100tcsg324-1, 0" value="1" type="GuiResourceData"/>
<property name="PAResourceOtoP.PartChooser_PARTS, xc7a100tcsg324-1 ; 324 ; 135 ; 240 ; 126800 ; 0 ; 0 ; 210 ; 63400 ; 6 ; 1 ; 85 ; 0 ; 85 ; C ; 1.05 ; 0.95 ; 0.95 ; 0, 168, xc7a100tcsg324-1, 0, false, false, false, false, true" value="1" type="GuiResourceData"/>
<property name="PAResourceOtoP.PartChooser_PART_PACKAGE_CHOOSER, csg324, 2" value="1" type="GuiResourceData"/>
<property name="PAResourceOtoP.PartChooser_PART_SPEED_CHOOSER, -1, 1" value="1" type="GuiResourceData"/>
<property name="PAResourceOtoP.ProgramDebugTab_OPEN_TARGET, Open target" value="1" type="GuiResourceData"/>
<property name="PAResourceOtoP.ProgramDebugTab_PROGRAM_DEVICE, Program device" value="1" type="GuiResourceData"/>
<property name="PAResourceOtoP.ProgramFpgaDialog_PROGRAM, Program" value="1" type="GuiResourceData"/>
<property name="PAResourceOtoP.ProjectSettingsGeneralPage_CHOOSE_DEVICE_FOR_YOUR_PROJECT, (String" value="1" type="GuiResourceData"/>
</item>
<item name="Other">
<property name="GuiMode" value="262" type="GuiMode"/>
<property name="BatchMode" value="0" type="BatchMode"/>
<property name="TclMode" value="247" type="TclMode"/>
</item>
</section>
</application>
</document>
