<?xml version="1.0" encoding="UTF-8"?>
<GenRun Id="impl_1" LaunchPart="xc7z010clg400-1" LaunchTime="1628713871">
  <File Type="ROUTE-STATUS-PB" Name="UartTyperwriter2021summer_route_status.pb"/>
  <File Type="PA-TCL" Name="UartTyperwriter2021summer.tcl"/>
  <File Type="OPT-DCP" Name="UartTyperwriter2021summer_opt.dcp"/>
  <File Type="INIT-TIMING" Name="UartTyperwriter2021summer_timing_summary_init.rpt"/>
  <File Type="OPT-METHODOLOGY-DRC" Name="UartTyperwriter2021summer_methodology_drc_opted.rpt"/>
  <File Type="RDI-RDI" Name="UartTyperwriter2021summer.vdi"/>
  <File Type="PWROPT-DRC" Name="UartTyperwriter2021summer_drc_pwropted.rpt"/>
  <File Type="OPT-DRC" Name="UartTyperwriter2021summer_drc_opted.rpt"/>
  <File Type="PWROPT-DCP" Name="UartTyperwriter2021summer_pwropt.dcp"/>
  <File Type="OPT-HWDEF" Name="UartTyperwriter2021summer.hwdef"/>
  <File Type="OPT-TIMING" Name="UartTyperwriter2021summer_timing_summary_opted.rpt"/>
  <File Type="PWROPT-TIMING" Name="UartTyperwriter2021summer_timing_summary_pwropted.rpt"/>
  <File Type="PLACE-DCP" Name="UartTyperwriter2021summer_placed.dcp"/>
  <File Type="PLACE-IO" Name="UartTyperwriter2021summer_io_placed.rpt"/>
  <File Type="PLACE-CLK" Name="UartTyperwriter2021summer_clock_utilization_placed.rpt"/>
  <File Type="PLACE-UTIL" Name="UartTyperwriter2021summer_utilization_placed.rpt"/>
  <File Type="PLACE-UTIL-PB" Name="UartTyperwriter2021summer_utilization_placed.pb"/>
  <File Type="PLACE-CTRL" Name="UartTyperwriter2021summer_control_sets_placed.rpt"/>
  <File Type="PLACE-SIMILARITY" Name="UartTyperwriter2021summer_incremental_reuse_placed.rpt"/>
  <File Type="PLACE-PRE-SIMILARITY" Name="UartTyperwriter2021summer_incremental_reuse_pre_placed.rpt"/>
  <File Type="PLACE-TIMING" Name="UartTyperwriter2021summer_timing_summary_placed.rpt"/>
  <File Type="POSTPLACE-PWROPT-DCP" Name="UartTyperwriter2021summer_postplace_pwropt.dcp"/>
  <File Type="POSTPLACE-PWROPT-TIMING" Name="UartTyperwriter2021summer_timing_summary_postplace_pwropted.rpt"/>
  <File Type="PHYSOPT-DCP" Name="UartTyperwriter2021summer_physopt.dcp"/>
  <File Type="PHYSOPT-DRC" Name="UartTyperwriter2021summer_drc_physopted.rpt"/>
  <File Type="PHYSOPT-TIMING" Name="UartTyperwriter2021summer_timing_summary_physopted.rpt"/>
  <File Type="ROUTE-DCP" Name="UartTyperwriter2021summer_routed.dcp"/>
  <File Type="ROUTE-BLACKBOX-DCP" Name="UartTyperwriter2021summer_routed_bb.dcp"/>
  <File Type="ROUTE-DRC" Name="UartTyperwriter2021summer_drc_routed.rpt"/>
  <File Type="ROUTE-DRC-PB" Name="UartTyperwriter2021summer_drc_routed.pb"/>
  <File Type="ROUTE-METHODOLOGY-DRC" Name="UartTyperwriter2021summer_methodology_drc_routed.rpt"/>
  <File Type="ROUTE-METHODOLOGY-DRC-PB" Name="UartTyperwriter2021summer_methodology_drc_routed.pb"/>
  <File Type="BG-BIT" Name="UartTyperwriter2021summer.bit"/>
  <File Type="ROUTE-PWR" Name="UartTyperwriter2021summer_power_routed.rpt"/>
  <File Type="ROUTE-PWR-SUM" Name="UartTyperwriter2021summer_power_summary_routed.pb"/>
  <File Type="ROUTE-PWR-RPX" Name="UartTyperwriter2021summer_power_routed.rpx"/>
  <File Type="ROUTE-STATUS" Name="UartTyperwriter2021summer_route_status.rpt"/>
  <File Type="ROUTE-TIMINGSUMMARY" Name="UartTyperwriter2021summer_timing_summary_routed.rpt"/>
  <File Type="ROUTE-TIMING-PB" Name="UartTyperwriter2021summer_timing_summary_routed.pb"/>
  <File Type="ROUTE-TIMING-RPX" Name="UartTyperwriter2021summer_timing_summary_routed.rpx"/>
  <File Type="ROUTE-SIMILARITY" Name="UartTyperwriter2021summer_incremental_reuse_routed.rpt"/>
  <File Type="ROUTE-CLK" Name="UartTyperwriter2021summer_clock_utilization_routed.rpt"/>
  <File Type="POSTROUTE-PHYSOPT-DCP" Name="UartTyperwriter2021summer_postroute_physopt.dcp"/>
  <File Type="POSTROUTE-PHYSOPT-BLACKBOX-DCP" Name="UartTyperwriter2021summer_postroute_physopt_bb.dcp"/>
  <File Type="POSTROUTE-PHYSOPT-TIMING" Name="UartTyperwriter2021summer_timing_summary_postroute_physopted.rpt"/>
  <File Type="POSTROUTE-PHYSOPT-TIMING-PB" Name="UartTyperwriter2021summer_timing_summary_postroute_physopted.pb"/>
  <File Type="POSTROUTE-PHYSOPT-TIMING-RPX" Name="UartTyperwriter2021summer_timing_summary_postroute_physopted.rpx"/>
  <File Type="BG-BIN" Name="UartTyperwriter2021summer.bin"/>
  <File Type="BITSTR-MSK" Name="UartTyperwriter2021summer.msk"/>
  <File Type="BITSTR-RBT" Name="UartTyperwriter2021summer.rbt"/>
  <File Type="BITSTR-NKY" Name="UartTyperwriter2021summer.nky"/>
  <File Type="BITSTR-BMM" Name="UartTyperwriter2021summer_bd.bmm"/>
  <File Type="BITSTR-MMI" Name="UartTyperwriter2021summer.mmi"/>
  <File Type="BITSTR-SYSDEF" Name="UartTyperwriter2021summer.sysdef"/>
  <File Type="BG-BGN" Name="UartTyperwriter2021summer.bgn"/>
  <File Type="BG-DRC" Name="UartTyperwriter2021summer.drc"/>
  <File Type="WBT-USG" Name="usage_statistics_webtalk.html"/>
  <FileSet Name="sources" Type="DesignSrcs" RelSrcDir="$PSRCDIR/sources_1">
    <Filter Type="Srcs"/>
    <File Path="$PSRCDIR/sources_1/imports/UartTyperwriter2021summer/bbfifo_16x8.v">
      <FileInfo>
        <Attr Name="ImportPath" Val="$PPRDIR/bbfifo_16x8.v"/>
        <Attr Name="ImportTime" Val="1269032520"/>
        <Attr Name="UsedIn" Val="synthesis"/>
        <Attr Name="UsedIn" Val="implementation"/>
        <Attr Name="UsedIn" Val="simulation"/>
      </FileInfo>
    </File>
    <File Path="$PSRCDIR/sources_1/imports/UartTyperwriter2021summer/kcuart_tx.v">
      <FileInfo>
        <Attr Name="ImportPath" Val="$PPRDIR/kcuart_tx.v"/>
        <Attr Name="ImportTime" Val="1269032340"/>
        <Attr Name="UsedIn" Val="synthesis"/>
        <Attr Name="UsedIn" Val="implementation"/>
        <Attr Name="UsedIn" Val="simulation"/>
      </FileInfo>
    </File>
    <File Path="$PSRCDIR/sources_1/imports/UartTyperwriter2021summer/kcuart_rx.v">
      <FileInfo>
        <Attr Name="ImportPath" Val="$PPRDIR/kcuart_rx.v"/>
        <Attr Name="ImportTime" Val="1269032460"/>
        <Attr Name="UsedIn" Val="synthesis"/>
        <Attr Name="UsedIn" Val="implementation"/>
        <Attr Name="UsedIn" Val="simulation"/>
      </FileInfo>
    </File>
    <File Path="$PSRCDIR/sources_1/imports/UartTyperwriter2021summer/BaudRateGenerator.v">
      <FileInfo>
        <Attr Name="ImportPath" Val="$PPRDIR/BaudRateGenerator.v"/>
        <Attr Name="ImportTime" Val="1628713260"/>
        <Attr Name="UsedIn" Val="synthesis"/>
        <Attr Name="UsedIn" Val="implementation"/>
        <Attr Name="UsedIn" Val="simulation"/>
      </FileInfo>
    </File>
    <File Path="$PSRCDIR/sources_1/imports/UartTyperwriter2021summer/uart_rx.v">
      <FileInfo>
        <Attr Name="ImportPath" Val="$PPRDIR/uart_rx.v"/>
        <Attr Name="ImportTime" Val="1269032100"/>
        <Attr Name="UsedIn" Val="synthesis"/>
        <Attr Name="UsedIn" Val="implementation"/>
        <Attr Name="UsedIn" Val="simulation"/>
      </FileInfo>
    </File>
    <File Path="$PSRCDIR/sources_1/imports/UartTyperwriter2021summer/uart_tx.v">
      <FileInfo>
        <Attr Name="ImportPath" Val="$PPRDIR/uart_tx.v"/>
        <Attr Name="ImportTime" Val="1269032100"/>
        <Attr Name="UsedIn" Val="synthesis"/>
        <Attr Name="UsedIn" Val="implementation"/>
        <Attr Name="UsedIn" Val="simulation"/>
      </FileInfo>
    </File>
    <File Path="$PSRCDIR/sources_1/imports/UartTyperwriter2021summer/UARTmodule2021summer.v">
      <FileInfo>
        <Attr Name="ImportPath" Val="$PPRDIR/UARTmodule2021summer.v"/>
        <Attr Name="ImportTime" Val="1628713199"/>
        <Attr Name="UsedIn" Val="synthesis"/>
        <Attr Name="UsedIn" Val="implementation"/>
        <Attr Name="UsedIn" Val="simulation"/>
      </FileInfo>
    </File>
    <File Path="$PSRCDIR/sources_1/imports/UartTyperwriter2021summer/UartTyperwriter2021summer.v">
      <FileInfo>
        <Attr Name="ImportPath" Val="$PPRDIR/UartTyperwriter2021summer.v"/>
        <Attr Name="ImportTime" Val="1628713238"/>
        <Attr Name="UsedIn" Val="synthesis"/>
        <Attr Name="UsedIn" Val="implementation"/>
        <Attr Name="UsedIn" Val="simulation"/>
      </FileInfo>
    </File>
    <Config>
      <Option Name="DesignMode" Val="RTL"/>
      <Option Name="TopModule" Val="UartTyperwriter2021summer"/>
      <Option Name="TopAutoSet" Val="TRUE"/>
    </Config>
  </FileSet>
  <FileSet Name="constrs_in" Type="Constrs" RelSrcDir="$PSRCDIR/constrs_1">
    <Filter Type="Constrs"/>
    <File Path="$PSRCDIR/constrs_1/imports/UartTyperwriter2021summer/UartTyperwriter2021summer.xdc">
      <FileInfo>
        <Attr Name="ImportPath" Val="$PPRDIR/UartTyperwriter2021summer.xdc"/>
        <Attr Name="ImportTime" Val="1628713315"/>
        <Attr Name="UsedIn" Val="synthesis"/>
        <Attr Name="UsedIn" Val="implementation"/>
      </FileInfo>
    </File>
    <Config>
      <Option Name="TargetConstrsFile" Val="$PSRCDIR/constrs_1/imports/UartTyperwriter2021summer/UartTyperwriter2021summer.xdc"/>
      <Option Name="ConstrsType" Val="XDC"/>
    </Config>
  </FileSet>
  <Strategy Version="1" Minor="2">
    <StratHandle Name="Vivado Implementation Defaults" Flow="Vivado Implementation 2016"/>
    <Step Id="init_design"/>
    <Step Id="opt_design"/>
    <Step Id="power_opt_design"/>
    <Step Id="place_design"/>
    <Step Id="post_place_power_opt_design"/>
    <Step Id="phys_opt_design"/>
    <Step Id="route_design"/>
    <Step Id="post_route_phys_opt_design"/>
    <Step Id="write_bitstream"/>
  </Strategy>
</GenRun>
