<?xml version="1.0" encoding="UTF-8"?>
<GenRun Id="synth_1" LaunchPart="xc7z010clg400-1" LaunchTime="1628713871">
  <File Type="PA-TCL" Name="UartTyperwriter2021summer.tcl"/>
  <File Type="RDS-PROPCONSTRS" Name="UartTyperwriter2021summer_drc_synth.rpt"/>
  <File Type="RDS-RDS" Name="UartTyperwriter2021summer.vds"/>
  <File Type="RDS-UTIL" Name="UartTyperwriter2021summer_utilization_synth.rpt"/>
  <File Type="RDS-UTIL-PB" Name="UartTyperwriter2021summer_utilization_synth.pb"/>
  <File Type="RDS-DCP" Name="UartTyperwriter2021summer.dcp"/>
  <File Type="VDS-TIMINGSUMMARY" Name="UartTyperwriter2021summer_timing_summary_synth.rpt"/>
  <File Type="VDS-TIMING-PB" Name="UartTyperwriter2021summer_timing_summary_synth.pb"/>
  <FileSet Name="sources" Type="DesignSrcs" RelSrcDir="$PSRCDIR/sources_1">
    <Filter Type="Srcs"/>
    <File Path="$PSRCDIR/sources_1/imports/UartTyperwriter2021summer/bbfifo_16x8.v">
      <FileInfo>
        <Attr Name="ImportPath" Val="$PPRDIR/bbfifo_16x8.v"/>
        <Attr Name="ImportTime" Val="1269032520"/>
        <Attr Name="UsedIn" Val="synthesis"/>
        <Attr Name="UsedIn" Val="implementation"/>
        <Attr Name="UsedIn" Val="simulation"/>
      </FileInfo>
    </File>
    <File Path="$PSRCDIR/sources_1/imports/UartTyperwriter2021summer/kcuart_tx.v">
      <FileInfo>
        <Attr Name="ImportPath" Val="$PPRDIR/kcuart_tx.v"/>
        <Attr Name="ImportTime" Val="1269032340"/>
        <Attr Name="UsedIn" Val="synthesis"/>
        <Attr Name="UsedIn" Val="implementation"/>
        <Attr Name="UsedIn" Val="simulation"/>
      </FileInfo>
    </File>
    <File Path="$PSRCDIR/sources_1/imports/UartTyperwriter2021summer/kcuart_rx.v">
      <FileInfo>
        <Attr Name="ImportPath" Val="$PPRDIR/kcuart_rx.v"/>
        <Attr Name="ImportTime" Val="1269032460"/>
        <Attr Name="UsedIn" Val="synthesis"/>
        <Attr Name="UsedIn" Val="implementation"/>
        <Attr Name="UsedIn" Val="simulation"/>
      </FileInfo>
    </File>
    <File Path="$PSRCDIR/sources_1/imports/UartTyperwriter2021summer/BaudRateGenerator.v">
      <FileInfo>
        <Attr Name="ImportPath" Val="$PPRDIR/BaudRateGenerator.v"/>
        <Attr Name="ImportTime" Val="1628713260"/>
        <Attr Name="UsedIn" Val="synthesis"/>
        <Attr Name="UsedIn" Val="implementation"/>
        <Attr Name="UsedIn" Val="simulation"/>
      </FileInfo>
    </File>
    <File Path="$PSRCDIR/sources_1/imports/UartTyperwriter2021summer/uart_rx.v">
      <FileInfo>
        <Attr Name="ImportPath" Val="$PPRDIR/uart_rx.v"/>
        <Attr Name="ImportTime" Val="1269032100"/>
        <Attr Name="UsedIn" Val="synthesis"/>
        <Attr Name="UsedIn" Val="implementation"/>
        <Attr Name="UsedIn" Val="simulation"/>
      </FileInfo>
    </File>
    <File Path="$PSRCDIR/sources_1/imports/UartTyperwriter2021summer/uart_tx.v">
      <FileInfo>
        <Attr Name="ImportPath" Val="$PPRDIR/uart_tx.v"/>
        <Attr Name="ImportTime" Val="1269032100"/>
        <Attr Name="UsedIn" Val="synthesis"/>
        <Attr Name="UsedIn" Val="implementation"/>
        <Attr Name="UsedIn" Val="simulation"/>
      </FileInfo>
    </File>
    <File Path="$PSRCDIR/sources_1/imports/UartTyperwriter2021summer/UARTmodule2021summer.v">
      <FileInfo>
        <Attr Name="ImportPath" Val="$PPRDIR/UARTmodule2021summer.v"/>
        <Attr Name="ImportTime" Val="1628713199"/>
        <Attr Name="UsedIn" Val="synthesis"/>
        <Attr Name="UsedIn" Val="implementation"/>
        <Attr Name="UsedIn" Val="simulation"/>
      </FileInfo>
    </File>
    <File Path="$PSRCDIR/sources_1/imports/UartTyperwriter2021summer/UartTyperwriter2021summer.v">
      <FileInfo>
        <Attr Name="ImportPath" Val="$PPRDIR/UartTyperwriter2021summer.v"/>
        <Attr Name="ImportTime" Val="1628713238"/>
        <Attr Name="UsedIn" Val="synthesis"/>
        <Attr Name="UsedIn" Val="implementation"/>
        <Attr Name="UsedIn" Val="simulation"/>
      </FileInfo>
    </File>
    <Config>
      <Option Name="DesignMode" Val="RTL"/>
      <Option Name="TopModule" Val="UartTyperwriter2021summer"/>
      <Option Name="TopAutoSet" Val="TRUE"/>
    </Config>
  </FileSet>
  <FileSet Name="constrs_in" Type="Constrs" RelSrcDir="$PSRCDIR/constrs_1">
    <Filter Type="Constrs"/>
    <File Path="$PSRCDIR/constrs_1/imports/UartTyperwriter2021summer/UartTyperwriter2021summer.xdc">
      <FileInfo>
        <Attr Name="ImportPath" Val="$PPRDIR/UartTyperwriter2021summer.xdc"/>
        <Attr Name="ImportTime" Val="1628713315"/>
        <Attr Name="UsedIn" Val="synthesis"/>
        <Attr Name="UsedIn" Val="implementation"/>
      </FileInfo>
    </File>
    <Config>
      <Option Name="TargetConstrsFile" Val="$PSRCDIR/constrs_1/imports/UartTyperwriter2021summer/UartTyperwriter2021summer.xdc"/>
      <Option Name="ConstrsType" Val="XDC"/>
    </Config>
  </FileSet>
  <Strategy Version="1" Minor="2">
    <StratHandle Name="Vivado Synthesis Defaults" Flow="Vivado Synthesis 2016"/>
    <Step Id="synth_design"/>
  </Strategy>
</GenRun>
