<?xml version="1.0" encoding="UTF-8"?>
<GenRun Id="impl_1" LaunchPart="xc7a100tcsg324-1" LaunchTime="1628546723">
  <File Type="ROUTE-STATUS-PB" Name="Stopwatch2021summerNexysA7_route_status.pb"/>
  <File Type="PA-TCL" Name="Stopwatch2021summerNexysA7.tcl"/>
  <File Type="OPT-DCP" Name="Stopwatch2021summerNexysA7_opt.dcp"/>
  <File Type="INIT-TIMING" Name="Stopwatch2021summerNexysA7_timing_summary_init.rpt"/>
  <File Type="OPT-METHODOLOGY-DRC" Name="Stopwatch2021summerNexysA7_methodology_drc_opted.rpt"/>
  <File Type="RDI-RDI" Name="Stopwatch2021summerNexysA7.vdi"/>
  <File Type="PWROPT-DRC" Name="Stopwatch2021summerNexysA7_drc_pwropted.rpt"/>
  <File Type="OPT-DRC" Name="Stopwatch2021summerNexysA7_drc_opted.rpt"/>
  <File Type="PWROPT-DCP" Name="Stopwatch2021summerNexysA7_pwropt.dcp"/>
  <File Type="OPT-HWDEF" Name="Stopwatch2021summerNexysA7.hwdef"/>
  <File Type="OPT-TIMING" Name="Stopwatch2021summerNexysA7_timing_summary_opted.rpt"/>
  <File Type="PWROPT-TIMING" Name="Stopwatch2021summerNexysA7_timing_summary_pwropted.rpt"/>
  <File Type="PLACE-DCP" Name="Stopwatch2021summerNexysA7_placed.dcp"/>
  <File Type="PLACE-IO" Name="Stopwatch2021summerNexysA7_io_placed.rpt"/>
  <File Type="PLACE-CLK" Name="Stopwatch2021summerNexysA7_clock_utilization_placed.rpt"/>
  <File Type="PLACE-UTIL" Name="Stopwatch2021summerNexysA7_utilization_placed.rpt"/>
  <File Type="PLACE-UTIL-PB" Name="Stopwatch2021summerNexysA7_utilization_placed.pb"/>
  <File Type="PLACE-CTRL" Name="Stopwatch2021summerNexysA7_control_sets_placed.rpt"/>
  <File Type="PLACE-SIMILARITY" Name="Stopwatch2021summerNexysA7_incremental_reuse_placed.rpt"/>
  <File Type="PLACE-PRE-SIMILARITY" Name="Stopwatch2021summerNexysA7_incremental_reuse_pre_placed.rpt"/>
  <File Type="PLACE-TIMING" Name="Stopwatch2021summerNexysA7_timing_summary_placed.rpt"/>
  <File Type="POSTPLACE-PWROPT-DCP" Name="Stopwatch2021summerNexysA7_postplace_pwropt.dcp"/>
  <File Type="POSTPLACE-PWROPT-TIMING" Name="Stopwatch2021summerNexysA7_timing_summary_postplace_pwropted.rpt"/>
  <File Type="PHYSOPT-DCP" Name="Stopwatch2021summerNexysA7_physopt.dcp"/>
  <File Type="PHYSOPT-DRC" Name="Stopwatch2021summerNexysA7_drc_physopted.rpt"/>
  <File Type="PHYSOPT-TIMING" Name="Stopwatch2021summerNexysA7_timing_summary_physopted.rpt"/>
  <File Type="ROUTE-DCP" Name="Stopwatch2021summerNexysA7_routed.dcp"/>
  <File Type="ROUTE-BLACKBOX-DCP" Name="Stopwatch2021summerNexysA7_routed_bb.dcp"/>
  <File Type="ROUTE-DRC" Name="Stopwatch2021summerNexysA7_drc_routed.rpt"/>
  <File Type="ROUTE-DRC-PB" Name="Stopwatch2021summerNexysA7_drc_routed.pb"/>
  <File Type="ROUTE-METHODOLOGY-DRC" Name="Stopwatch2021summerNexysA7_methodology_drc_routed.rpt"/>
  <File Type="ROUTE-METHODOLOGY-DRC-PB" Name="Stopwatch2021summerNexysA7_methodology_drc_routed.pb"/>
  <File Type="BG-BIT" Name="Stopwatch2021summerNexysA7.bit"/>
  <File Type="ROUTE-PWR" Name="Stopwatch2021summerNexysA7_power_routed.rpt"/>
  <File Type="ROUTE-PWR-SUM" Name="Stopwatch2021summerNexysA7_power_summary_routed.pb"/>
  <File Type="ROUTE-PWR-RPX" Name="Stopwatch2021summerNexysA7_power_routed.rpx"/>
  <File Type="ROUTE-STATUS" Name="Stopwatch2021summerNexysA7_route_status.rpt"/>
  <File Type="ROUTE-TIMINGSUMMARY" Name="Stopwatch2021summerNexysA7_timing_summary_routed.rpt"/>
  <File Type="ROUTE-TIMING-PB" Name="Stopwatch2021summerNexysA7_timing_summary_routed.pb"/>
  <File Type="ROUTE-TIMING-RPX" Name="Stopwatch2021summerNexysA7_timing_summary_routed.rpx"/>
  <File Type="ROUTE-SIMILARITY" Name="Stopwatch2021summerNexysA7_incremental_reuse_routed.rpt"/>
  <File Type="ROUTE-CLK" Name="Stopwatch2021summerNexysA7_clock_utilization_routed.rpt"/>
  <File Type="POSTROUTE-PHYSOPT-DCP" Name="Stopwatch2021summerNexysA7_postroute_physopt.dcp"/>
  <File Type="POSTROUTE-PHYSOPT-BLACKBOX-DCP" Name="Stopwatch2021summerNexysA7_postroute_physopt_bb.dcp"/>
  <File Type="POSTROUTE-PHYSOPT-TIMING" Name="Stopwatch2021summerNexysA7_timing_summary_postroute_physopted.rpt"/>
  <File Type="POSTROUTE-PHYSOPT-TIMING-PB" Name="Stopwatch2021summerNexysA7_timing_summary_postroute_physopted.pb"/>
  <File Type="POSTROUTE-PHYSOPT-TIMING-RPX" Name="Stopwatch2021summerNexysA7_timing_summary_postroute_physopted.rpx"/>
  <File Type="BG-BIN" Name="Stopwatch2021summerNexysA7.bin"/>
  <File Type="BITSTR-MSK" Name="Stopwatch2021summerNexysA7.msk"/>
  <File Type="BITSTR-RBT" Name="Stopwatch2021summerNexysA7.rbt"/>
  <File Type="BITSTR-NKY" Name="Stopwatch2021summerNexysA7.nky"/>
  <File Type="BITSTR-BMM" Name="Stopwatch2021summerNexysA7_bd.bmm"/>
  <File Type="BITSTR-MMI" Name="Stopwatch2021summerNexysA7.mmi"/>
  <File Type="BITSTR-SYSDEF" Name="Stopwatch2021summerNexysA7.sysdef"/>
  <File Type="BG-BGN" Name="Stopwatch2021summerNexysA7.bgn"/>
  <File Type="BG-DRC" Name="Stopwatch2021summerNexysA7.drc"/>
  <File Type="WBT-USG" Name="usage_statistics_webtalk.html"/>
  <FileSet Name="sources" Type="DesignSrcs" RelSrcDir="$PSRCDIR/sources_1">
    <Filter Type="Srcs"/>
    <File Path="$PSRCDIR/sources_1/imports/stopwatch_sources/DelayLoop.v">
      <FileInfo>
        <Attr Name="ImportPath" Val="$PPRDIR/stopwatch_sources/DelayLoop.v"/>
        <Attr Name="ImportTime" Val="1600923128"/>
        <Attr Name="UsedIn" Val="synthesis"/>
        <Attr Name="UsedIn" Val="implementation"/>
        <Attr Name="UsedIn" Val="simulation"/>
      </FileInfo>
    </File>
    <File Path="$PSRCDIR/sources_1/imports/stopwatch_sources/DisplayMuxNexysA7.v">
      <FileInfo>
        <Attr Name="ImportPath" Val="$PPRDIR/stopwatch_sources/DisplayMuxNexysA7.v"/>
        <Attr Name="ImportTime" Val="1600836513"/>
        <Attr Name="UsedIn" Val="synthesis"/>
        <Attr Name="UsedIn" Val="implementation"/>
        <Attr Name="UsedIn" Val="simulation"/>
      </FileInfo>
    </File>
    <File Path="$PSRCDIR/sources_1/imports/stopwatch_sources/PositiveClockedOneShot.v">
      <FileInfo>
        <Attr Name="ImportPath" Val="$PPRDIR/stopwatch_sources/PositiveClockedOneShot.v"/>
        <Attr Name="ImportTime" Val="1600878319"/>
        <Attr Name="UsedIn" Val="synthesis"/>
        <Attr Name="UsedIn" Val="implementation"/>
        <Attr Name="UsedIn" Val="simulation"/>
      </FileInfo>
    </File>
    <File Path="$PSRCDIR/sources_1/imports/stopwatch_sources/Debouncer2020fall.v">
      <FileInfo>
        <Attr Name="ImportPath" Val="$PPRDIR/stopwatch_sources/Debouncer2020fall.v"/>
        <Attr Name="ImportTime" Val="1600923525"/>
        <Attr Name="UsedIn" Val="synthesis"/>
        <Attr Name="UsedIn" Val="implementation"/>
        <Attr Name="UsedIn" Val="simulation"/>
      </FileInfo>
    </File>
    <File Path="$PSRCDIR/sources_1/imports/stopwatch_sources/Refreshing7SegNexysA7.v">
      <FileInfo>
        <Attr Name="ImportPath" Val="$PPRDIR/stopwatch_sources/Refreshing7SegNexysA7.v"/>
        <Attr Name="ImportTime" Val="1600838715"/>
        <Attr Name="UsedIn" Val="synthesis"/>
        <Attr Name="UsedIn" Val="implementation"/>
        <Attr Name="UsedIn" Val="simulation"/>
      </FileInfo>
    </File>
    <File Path="$PSRCDIR/sources_1/imports/stopwatch_sources/UniversalCounter.v">
      <FileInfo>
        <Attr Name="ImportPath" Val="$PPRDIR/stopwatch_sources/UniversalCounter.v"/>
        <Attr Name="ImportTime" Val="1395753512"/>
        <Attr Name="UsedIn" Val="synthesis"/>
        <Attr Name="UsedIn" Val="implementation"/>
        <Attr Name="UsedIn" Val="simulation"/>
      </FileInfo>
    </File>
    <File Path="$PSRCDIR/sources_1/imports/stopwatch_sources/SevenSegDriverNexysA7.v">
      <FileInfo>
        <Attr Name="ImportPath" Val="$PPRDIR/stopwatch_sources/SevenSegDriverNexysA7.v"/>
        <Attr Name="ImportTime" Val="1600830976"/>
        <Attr Name="UsedIn" Val="synthesis"/>
        <Attr Name="UsedIn" Val="implementation"/>
        <Attr Name="UsedIn" Val="simulation"/>
      </FileInfo>
    </File>
    <File Path="$PSRCDIR/sources_1/imports/stopwatch_sources/StopwatchController2020fall.v">
      <FileInfo>
        <Attr Name="ImportPath" Val="$PPRDIR/stopwatch_sources/StopwatchController2020fall.v"/>
        <Attr Name="ImportTime" Val="1600923578"/>
        <Attr Name="UsedIn" Val="synthesis"/>
        <Attr Name="UsedIn" Val="implementation"/>
        <Attr Name="UsedIn" Val="simulation"/>
      </FileInfo>
    </File>
    <File Path="$PSRCDIR/sources_1/imports/stopwatch_sources/BCDto7Segment.v">
      <FileInfo>
        <Attr Name="ImportPath" Val="$PPRDIR/stopwatch_sources/BCDto7Segment.v"/>
        <Attr Name="ImportTime" Val="1350859244"/>
        <Attr Name="UsedIn" Val="synthesis"/>
        <Attr Name="UsedIn" Val="implementation"/>
        <Attr Name="UsedIn" Val="simulation"/>
      </FileInfo>
    </File>
    <File Path="$PSRCDIR/sources_1/imports/stopwatch_sources/Pulse10millisecond.v">
      <FileInfo>
        <Attr Name="ImportPath" Val="$PPRDIR/stopwatch_sources/Pulse10millisecond.v"/>
        <Attr Name="ImportTime" Val="1600878417"/>
        <Attr Name="UsedIn" Val="synthesis"/>
        <Attr Name="UsedIn" Val="implementation"/>
        <Attr Name="UsedIn" Val="simulation"/>
      </FileInfo>
    </File>
    <File Path="$PSRCDIR/sources_1/imports/stopwatch_sources/Stopwatch2020FallNexysA7.v">
      <FileInfo>
        <Attr Name="ImportPath" Val="$PPRDIR/stopwatch_sources/Stopwatch2020FallNexysA7.v"/>
        <Attr Name="ImportTime" Val="1600892562"/>
        <Attr Name="UsedIn" Val="synthesis"/>
        <Attr Name="UsedIn" Val="implementation"/>
        <Attr Name="UsedIn" Val="simulation"/>
      </FileInfo>
    </File>
    <Config>
      <Option Name="DesignMode" Val="RTL"/>
      <Option Name="TopModule" Val="Stopwatch2021summerNexysA7"/>
      <Option Name="TopAutoSet" Val="TRUE"/>
    </Config>
  </FileSet>
  <FileSet Name="constrs_in" Type="Constrs" RelSrcDir="$PSRCDIR/constrs_1">
    <Filter Type="Constrs"/>
    <File Path="$PSRCDIR/constrs_1/imports/stopwatch2021summerlNexyA7/stopwatch2021summerNexyA7.xdc">
      <FileInfo>
        <Attr Name="ImportPath" Val="$PPRDIR/stopwatch2021summerNexyA7.xdc"/>
        <Attr Name="ImportTime" Val="1628545676"/>
        <Attr Name="UsedIn" Val="synthesis"/>
        <Attr Name="UsedIn" Val="implementation"/>
      </FileInfo>
    </File>
    <Config>
      <Option Name="ConstrsType" Val="XDC"/>
    </Config>
  </FileSet>
  <Strategy Version="1" Minor="2">
    <StratHandle Name="Vivado Implementation Defaults" Flow="Vivado Implementation 2016"/>
    <Step Id="init_design"/>
    <Step Id="opt_design"/>
    <Step Id="power_opt_design"/>
    <Step Id="place_design"/>
    <Step Id="post_place_power_opt_design"/>
    <Step Id="phys_opt_design"/>
    <Step Id="route_design"/>
    <Step Id="post_route_phys_opt_design"/>
    <Step Id="write_bitstream"/>
  </Strategy>
</GenRun>
